<keymap version="1" name="rStar" parent="ReSharper">
  <action id="ActivateFavoritesToolWindow">
    <keyboard-shortcut first-keystroke="alt 4" />
  </action>
  <action id="ActivateFindToolWindow">
    <keyboard-shortcut first-keystroke="ctrl alt u" />
  </action>
  <action id="ActivateInspectionResultsToolWindow">
    <keyboard-shortcut first-keystroke="ctrl alt 4" />
  </action>
  <action id="ActivateRunToolWindow" />
  <action id="ActivateStructureToolWindow">
    <keyboard-shortcut first-keystroke="alt 3" />
  </action>
  <action id="ActivateUnitTestsToolWindow">
    <keyboard-shortcut first-keystroke="shift alt 8" />
    <keyboard-shortcut first-keystroke="alt 2" />
  </action>
  <action id="Arrangement.Rule.Match.Condition.Move.Down" />
  <action id="Arrangement.Rule.Match.Condition.Move.Up" />
  <action id="BuildSolutionAction" />
  <action id="CloneCaretAboveWithVirtualSpace" />
  <action id="CloneCaretBelowWithVirtualSpace" />
  <action id="CloseAllEditors">
    <keyboard-shortcut first-keystroke="ctrl f3" />
  </action>
  <action id="CloseAllEditorsButActive">
    <keyboard-shortcut first-keystroke="ctrl f2" />
  </action>
  <action id="CloseContent">
    <keyboard-shortcut first-keystroke="ctrl f1" />
  </action>
  <action id="CollapseAllRegions">
    <keyboard-shortcut first-keystroke="shift ctrl minus" />
  </action>
  <action id="CollapseRegion">
    <keyboard-shortcut first-keystroke="shift ctrl comma" />
  </action>
  <action id="EditSource" />
  <action id="EditorDecreaseFontSize">
    <mouse-shortcut keystroke="control button142" />
  </action>
  <action id="EditorIncreaseFontSize">
    <mouse-shortcut keystroke="control button143" />
  </action>
  <action id="EditorMoveDownAndScroll">
    <keyboard-shortcut first-keystroke="ctrl alt down" />
  </action>
  <action id="EditorMoveUpAndScroll">
    <keyboard-shortcut first-keystroke="ctrl alt up" />
  </action>
  <action id="EditorScrollToCenter" />
  <action id="EditorSelectLine">
    <keyboard-shortcut first-keystroke="alt l" />
  </action>
  <action id="ExpandAllRegions">
    <keyboard-shortcut first-keystroke="shift ctrl equals" />
  </action>
  <action id="ExpandRegion">
    <keyboard-shortcut first-keystroke="shift ctrl period" />
  </action>
  <action id="ExternalJavaDoc">
    <keyboard-shortcut first-keystroke="shift f1" />
  </action>
  <action id="FindNext">
    <keyboard-shortcut first-keystroke="shift ctrl down" />
    <keyboard-shortcut first-keystroke="ctrl alt page_down" />
  </action>
  <action id="FindUsages">
    <keyboard-shortcut first-keystroke="alt f7" />
    <keyboard-shortcut first-keystroke="ctrl f7" />
  </action>
  <action id="FindWordAtCaret" />
  <action id="Forward">
    <keyboard-shortcut first-keystroke="shift ctrl subtract" />
    <mouse-shortcut keystroke="button5" />
  </action>
  <action id="GotoClass">
    <keyboard-shortcut first-keystroke="ctrl alt c" />
  </action>
  <action id="GotoNextError">
    <keyboard-shortcut first-keystroke="f3" />
  </action>
  <action id="HideActiveWindow">
    <keyboard-shortcut first-keystroke="back_quote" />
  </action>
  <action id="HideSideWindows">
    <keyboard-shortcut first-keystroke="f4" />
  </action>
  <action id="IntroduceConstant" />
  <action id="JumpToNextChange">
    <keyboard-shortcut first-keystroke="shift ctrl back_slash" />
  </action>
  <action id="MethodDown">
    <keyboard-shortcut first-keystroke="alt j" />
  </action>
  <action id="MethodUp">
    <keyboard-shortcut first-keystroke="alt k" />
  </action>
  <action id="MoveEditorToOppositeTabGroup">
    <keyboard-shortcut first-keystroke="ctrl alt left" />
  </action>
  <action id="MoveLineDown">
    <keyboard-shortcut first-keystroke="alt down" />
  </action>
  <action id="MoveLineUp">
    <keyboard-shortcut first-keystroke="alt up" />
  </action>
  <action id="MoveTabRight">
    <keyboard-shortcut first-keystroke="ctrl alt right" />
  </action>
  <action id="NextOccurence" />
  <action id="PreviousOccurence" />
  <action id="RdParameterDeclarationNavigationAction">
    <keyboard-shortcut first-keystroke="shift ctrl b" />
  </action>
  <action id="RearrangeCode">
    <keyboard-shortcut first-keystroke="ctrl alt comma" />
  </action>
  <action id="RecentChanges">
    <keyboard-shortcut first-keystroke="shift ctrl alt e" />
  </action>
  <action id="RecentLocations">
    <keyboard-shortcut first-keystroke="shift ctrl e" />
  </action>
  <action id="RiderCollapseToDefinitions" />
  <action id="RiderOpenSolution" />
  <action id="ShowContent" />
  <action id="ShowErrorDescription">
    <keyboard-shortcut first-keystroke="alt t" />
  </action>
  <action id="TodoViewGroupByFlattenPackage" />
  <action id="Unscramble" />
  <action id="Vcs.ShowMessageHistory">
    <keyboard-shortcut first-keystroke="ctrl m" />
  </action>
  <action id="VcsShowNextChangeMarker">
    <keyboard-shortcut first-keystroke="alt page_down" />
  </action>
  <action id="VcsShowPrevChangeMarker">
    <keyboard-shortcut first-keystroke="alt page_up" />
  </action>
</keymap>