<keymap version="1" name="rStar" parent="ReSharper">
  <action id="ActivateBookmarksToolWindow" />
  <action id="ActivateFavoritesToolWindow">
    <keyboard-shortcut first-keystroke="alt 4" />
  </action>
  <action id="ActivateFindToolWindow">
    <keyboard-shortcut first-keystroke="ctrl alt u" />
  </action>
  <action id="ActivateInspectionResultsToolWindow">
    <keyboard-shortcut first-keystroke="ctrl alt 4" />
  </action>
  <action id="ActivateRunToolWindow" />
  <action id="ActivateStructureToolWindow">
    <keyboard-shortcut first-keystroke="alt 3" />
  </action>
  <action id="ActivateTODOToolWindow">
    <keyboard-shortcut first-keystroke="alt 4" />
  </action>
  <action id="ActivateUnitTestsToolWindow">
    <keyboard-shortcut first-keystroke="shift alt 8" />
    <keyboard-shortcut first-keystroke="alt 2" />
  </action>
  <action id="ActivateUnityToolWindow">
    <keyboard-shortcut first-keystroke="alt u" />
  </action>
  <action id="Arrangement.Rule.Match.Condition.Move.Down" />
  <action id="Arrangement.Rule.Match.Condition.Move.Up" />
  <action id="Back">
    <keyboard-shortcut first-keystroke="alt semicolon" />
    <mouse-shortcut keystroke="button4" />
  </action>
  <action id="BuildSolutionAction" />
  <action id="CloneCaretAboveWithVirtualSpace" />
  <action id="CloneCaretBelowWithVirtualSpace" />
  <action id="CloseAllEditors">
    <keyboard-shortcut first-keystroke="ctrl f3" />
  </action>
  <action id="CloseAllEditorsButActive">
    <keyboard-shortcut first-keystroke="ctrl f2" />
  </action>
  <action id="CloseAllToTheLeft">
    <keyboard-shortcut first-keystroke="alt page_up" />
  </action>
  <action id="CloseAllToTheRight">
    <keyboard-shortcut first-keystroke="alt page_down" />
  </action>
  <action id="CloseContent">
    <keyboard-shortcut first-keystroke="ctrl f1" />
  </action>
  <action id="CollapseAllRegions">
    <keyboard-shortcut first-keystroke="shift ctrl minus" />
  </action>
  <action id="CollapseRegion">
    <keyboard-shortcut first-keystroke="shift ctrl comma" />
  </action>
  <action id="Debugger.EditTypeSource" />
  <action id="Diff.NextChange" />
  <action id="DuplicatesForm.SendToLeft" />
  <action id="EditSource" />
  <action id="EditSourceInNewWindow" />
  <action id="EditorCodeBlockEnd">
    <keyboard-shortcut first-keystroke="shift alt close_bracket" />
  </action>
  <action id="EditorDecreaseFontSize">
    <mouse-shortcut keystroke="control button142" />
  </action>
  <action id="EditorIncreaseFontSize">
    <mouse-shortcut keystroke="control button143" />
  </action>
  <action id="EditorMoveDownAndScroll">
    <keyboard-shortcut first-keystroke="ctrl alt down" />
  </action>
  <action id="EditorMoveUpAndScroll">
    <keyboard-shortcut first-keystroke="ctrl alt up" />
  </action>
  <action id="EditorScrollToCenter" />
  <action id="EditorSelectLine">
    <keyboard-shortcut first-keystroke="alt l" />
  </action>
  <action id="EditorToggleCase" />
  <action id="EmmetNextEditPoint" />
  <action id="ExpandAllRegions">
    <keyboard-shortcut first-keystroke="shift ctrl equals" />
  </action>
  <action id="ExpandRegion">
    <keyboard-shortcut first-keystroke="shift ctrl period" />
  </action>
  <action id="ExternalJavaDoc">
    <keyboard-shortcut first-keystroke="shift f1" />
  </action>
  <action id="FileChooser.GotoHome" />
  <action id="FileChooser.GotoModule" />
  <action id="FileStructurePopup">
    <keyboard-shortcut first-keystroke="ctrl 3" />
  </action>
  <action id="FindNext">
    <keyboard-shortcut first-keystroke="shift ctrl down" />
    <keyboard-shortcut first-keystroke="ctrl alt page_down" />
  </action>
  <action id="FindPrevious">
    <keyboard-shortcut first-keystroke="shift ctrl up" />
    <keyboard-shortcut first-keystroke="ctrl alt page_up" />
  </action>
  <action id="FindUsages">
    <keyboard-shortcut first-keystroke="alt f7" />
    <keyboard-shortcut first-keystroke="ctrl f7" />
  </action>
  <action id="FindWordAtCaret" />
  <action id="Forward">
    <keyboard-shortcut first-keystroke="alt quote" />
    <mouse-shortcut keystroke="button5" />
  </action>
  <action id="Git.Commit.And.Push.Executor" />
  <action id="GotoBookmark1" />
  <action id="GotoBookmark3" />
  <action id="GotoClass">
    <keyboard-shortcut first-keystroke="ctrl alt c" />
  </action>
  <action id="GotoNextError">
    <keyboard-shortcut first-keystroke="f5" />
  </action>
  <action id="GotoPreviousError">
    <keyboard-shortcut first-keystroke="shift f5" />
  </action>
  <action id="GotoTest">
    <keyboard-shortcut first-keystroke="shift ctrl t" />
  </action>
  <action id="GotoTypeDeclaration">
    <keyboard-shortcut first-keystroke="shift ctrl u" />
  </action>
  <action id="Graph.ApplyCurrentLayout" />
  <action id="Graph.RouteEdges" />
  <action id="Hg.Commit.And.Push.Executor" />
  <action id="HideActiveWindow">
    <keyboard-shortcut first-keystroke="back_quote" />
  </action>
  <action id="HideSideWindows">
    <keyboard-shortcut first-keystroke="f4" />
  </action>
  <action id="IntroduceConstant" />
  <action id="JumpToNextChange">
    <keyboard-shortcut first-keystroke="shift ctrl back_slash" />
  </action>
  <action id="MethodDown">
    <keyboard-shortcut first-keystroke="alt j" />
  </action>
  <action id="MethodUp">
    <keyboard-shortcut first-keystroke="alt k" />
  </action>
  <action id="MoveEditorToOppositeTabGroup">
    <keyboard-shortcut first-keystroke="ctrl alt left" />
  </action>
  <action id="MoveLineDown">
    <keyboard-shortcut first-keystroke="alt down" />
    <keyboard-shortcut first-keystroke="shift ctrl alt j" />
  </action>
  <action id="MoveLineUp">
    <keyboard-shortcut first-keystroke="alt up" />
    <keyboard-shortcut first-keystroke="shift ctrl alt k" />
  </action>
  <action id="MoveTabRight">
    <keyboard-shortcut first-keystroke="ctrl alt right" />
  </action>
  <action id="NextOccurence" />
  <action id="NextTab">
    <keyboard-shortcut first-keystroke="alt right" />
    <keyboard-shortcut first-keystroke="alt period" />
  </action>
  <action id="PreviousOccurence" />
  <action id="PreviousTab">
    <keyboard-shortcut first-keystroke="alt left" />
    <keyboard-shortcut first-keystroke="alt comma" />
  </action>
  <action id="QuickActionPopup">
    <keyboard-shortcut first-keystroke="ctrl alt enter" />
  </action>
  <action id="RdParameterDeclarationNavigationAction">
    <keyboard-shortcut first-keystroke="shift ctrl b" />
  </action>
  <action id="ReSharperGotoNextErrorInSolution">
    <keyboard-shortcut first-keystroke="f3" />
  </action>
  <action id="ReSharperGotoPrevErrorInSolution">
    <keyboard-shortcut first-keystroke="shift f3" />
  </action>
  <action id="RearrangeCode">
    <keyboard-shortcut first-keystroke="ctrl alt comma" />
  </action>
  <action id="RecentChanges">
    <keyboard-shortcut first-keystroke="shift ctrl alt e" />
  </action>
  <action id="RecentLocations">
    <keyboard-shortcut first-keystroke="shift ctrl e" />
  </action>
  <action id="Resume" />
  <action id="RiderCollapseToDefinitions" />
  <action id="RiderOpenSolution" />
  <action id="RunDashboard.EditConfiguration" />
  <action id="RunDashboard.Stop" />
  <action id="ShelveChanges.UnshelveWithDialog" />
  <action id="ShowContent" />
  <action id="ShowErrorDescription">
    <keyboard-shortcut first-keystroke="alt t" />
  </action>
  <action id="Stop" />
  <action id="SwitcherPreviousProblem" />
  <action id="TodoViewGroupByFlattenPackage" />
  <action id="Unscramble" />
  <action id="Vcs.ShowMessageHistory">
    <keyboard-shortcut first-keystroke="ctrl m" />
  </action>
  <action id="org.intellij.plugins.markdown.ui.actions.styling.MarkdownCreateLinkAction" />
</keymap>